<?xml version='1.0'?>
<!--
  PredefinedTeXFormulas.xml
  =========================================================================
  This file is part of the JMathTeX Library - http://jmathtex.sourceforge.net
  
  Copyright (C) 2004-2007 Universiteit Gent
  
  This program is free software; you can redistribute it and/or modify
  it under the terms of the GNU General Public License as published by
  the Free Software Foundation; either version 2 of the License, or (at
  your option) any later version.
  
  This program is distributed in the hope that it will be useful, but
  WITHOUT ANY WARRANTY; without even the implied warranty of
  MERCHANTABILITY or FITNESS FOR A PARTICULAR PURPOSE.  See the GNU
  General Public License for more details.
  
  A copy of the GNU General Public License can be found in the file
  LICENSE.txt provided with the source distribution of this program (see
  the META-INF directory in the source jar). This license can also be
  found on the GNU website at http://www.gnu.org/licenses/gpl.html.
  
  If you did not receive a copy of the GNU General Public License along
  with this program, contact the lead developer, or write to the Free
  Software Foundation, Inc., 51 Franklin Street, Fifth Floor, Boston, MA
  02110-1301, USA.
  
-->

<PredefinedTeXFormulas enabled="true">

<!-- Composed TeX symbols -->

	<TeXFormula name="ne" enabled="true">
		<CreateTeXFormula name="f">
			<Argument type="String" value="\not\equals" />				
		</CreateTeXFormula>
		<Return name="f" />
	</TeXFormula>

	<TeXFormula name="neq" enabled="true">
		<CreateTeXFormula name="f">
			<Argument type="String" value="\not\equals" />				
		</CreateTeXFormula>
		<Return name="f" />
	</TeXFormula>

	<TeXFormula name="hbar" enabled="true">
		<CreateTeXFormula name="f">
			<Argument type="String" value="\bar" />				
		</CreateTeXFormula>
		<MethodInvocation name="addStrut" formula="f">
			<Argument type="TeXConstants" value="UNIT_MU" />
			<Argument type="float" value="-9" />
			<Argument type="float" value="0" />
			<Argument type="float" value="0" />
		</MethodInvocation>
		<MethodInvocation name="add" formula="f">
			<Argument type="String" value="h" />
		</MethodInvocation>
		<Return name="f" />
	</TeXFormula>

	<TeXFormula name="surd" enabled="true">
		<CreateTeXFormula name="f">
			<Argument type="String" value="\surdsign" />				
		</CreateTeXFormula>
		<MethodInvocation name="centerOnAxis" formula="f" />
		<Return name="f" />
	</TeXFormula>

	<TeXFormula name="ldots" enabled="true">
		<CreateTeXFormula name="f">
			<Argument type="String" value="\ldotp\ldotp\ldotp" />				
		</CreateTeXFormula>
		<MethodInvocation name="setFixedTypes" formula="f">
			<Argument type="TeXConstants" value="TYPE_INNER" />
			<Argument type="TeXConstants" value="TYPE_INNER" />
		</MethodInvocation>
		<Return name="f" />
	</TeXFormula>

	<TeXFormula name="cdots" enabled="true">
		<CreateTeXFormula name="f">
			<Argument type="String" value="\cdotp\cdotp\cdotp" />				
		</CreateTeXFormula>
		<MethodInvocation name="setFixedTypes" formula="f">
			<Argument type="TeXConstants" value="TYPE_INNER" />
			<Argument type="TeXConstants" value="TYPE_INNER" />
		</MethodInvocation>
		<Return name="f" />
	</TeXFormula>

	<TeXFormula name="bowtie" enabled="true">
		<CreateTeXFormula name="f">
			<Argument type="String" value="\triangleright" />				
		</CreateTeXFormula>
		<MethodInvocation name="setFixedTypes" formula="f">
			<Argument type="TeXConstants" value="TYPE_RELATION" />
			<Argument type="TeXConstants" value="TYPE_ORDINARY" />
		</MethodInvocation>
		<CreateTeXFormula name="g">
			<Argument type="String" value="\triangleleft" />				
		</CreateTeXFormula>
		<MethodInvocation name="setFixedTypes" formula="g">
			<Argument type="TeXConstants" value="TYPE_ORDINARY" />
			<Argument type="TeXConstants" value="TYPE_RELATION" />
		</MethodInvocation>
		<MethodInvocation name="addStrut" formula="f">
			<Argument type="TeXConstants" value="UNIT_MU" />
			<Argument type="float" value="-1.8" />
			<Argument type="float" value="0" />
			<Argument type="float" value="0" />
		</MethodInvocation>
		<MethodInvocation name="add" formula="f">
			<Argument type="TeXFormula" value="g" />
		</MethodInvocation>
		<Return name="f" />
	</TeXFormula>

	<TeXFormula name="models" enabled="true">
		<CreateTeXFormula name="f">
			<Argument type="String" value="\vert" />				
		</CreateTeXFormula>
		<MethodInvocation name="setFixedTypes" formula="f">
			<Argument type="TeXConstants" value="TYPE_RELATION" />
			<Argument type="TeXConstants" value="TYPE_ORDINARY" />
		</MethodInvocation>
		<CreateTeXFormula name="g">
			<Argument type="String" value="\equals" />				
		</CreateTeXFormula>
		<MethodInvocation name="setFixedTypes" formula="g">
			<Argument type="TeXConstants" value="TYPE_ORDINARY" />
			<Argument type="TeXConstants" value="TYPE_RELATION" />
		</MethodInvocation>
		<MethodInvocation name="addStrut" formula="f">
			<Argument type="TeXConstants" value="UNIT_MU" />
			<Argument type="float" value="-3.5" />
			<Argument type="float" value="0" />
			<Argument type="float" value="0" />
		</MethodInvocation>		
		<MethodInvocation name="add" formula="f">
			<Argument type="TeXFormula" value="g" />
		</MethodInvocation>
		<Return name="f" />
	</TeXFormula>

	<TeXFormula name="doteq" enabled="true">
		<CreateTeXFormula name="f">
			<Argument type="String" value="\equals" />				
		</CreateTeXFormula>
		<MethodInvocation name="putOver" formula="f">
			<Argument type="String" value="\ldotp" />
			<Argument type="TeXConstants" value="UNIT_MU" />
			<Argument type="float" value="2" />
			<Argument type="boolean" value="false" />
		</MethodInvocation>
		<MethodInvocation name="setFixedTypes" formula="f">
			<Argument type="TeXConstants" value="TYPE_RELATION" />
			<Argument type="TeXConstants" value="TYPE_RELATION" />
		</MethodInvocation>		
		<Return name="f" />
	</TeXFormula>

	<TeXFormula name="cong" enabled="true">
		<CreateTeXFormula name="f">
			<Argument type="String" value="\equals" />				
		</CreateTeXFormula>
		<MethodInvocation name="putOver" formula="f">
			<Argument type="String" value="\sim" />
			<Argument type="TeXConstants" value="UNIT_MU" />
			<Argument type="float" value="1" />
			<Argument type="boolean" value="false" />
		</MethodInvocation>
		<MethodInvocation name="setFixedTypes" formula="f">
			<Argument type="TeXConstants" value="TYPE_RELATION" />
			<Argument type="TeXConstants" value="TYPE_RELATION" />
		</MethodInvocation>		
		<Return name="f" />
	</TeXFormula>

</PredefinedTeXFormulas>
