<?xml version='1.0'?>
<!--
  TeXFormulaSettings.xml
  =========================================================================
  This file is part of the JMathTeX Library - http://jmathtex.sourceforge.net
  
  Copyright (C) 2004-2007 Universiteit Gent
  
  This program is free software; you can redistribute it and/or modify
  it under the terms of the GNU General Public License as published by
  the Free Software Foundation; either version 2 of the License, or (at
  your option) any later version.
  
  This program is distributed in the hope that it will be useful, but
  WITHOUT ANY WARRANTY; without even the implied warranty of
  MERCHANTABILITY or FITNESS FOR A PARTICULAR PURPOSE.  See the GNU
  General Public License for more details.
  
  A copy of the GNU General Public License can be found in the file
  LICENSE.txt provided with the source distribution of this program (see
  the META-INF directory in the source jar). This license can also be
  found on the GNU website at http://www.gnu.org/licenses/gpl.html.
  
  If you did not receive a copy of the GNU General Public License along
  with this program, contact the lead developer, or write to the Free
  Software Foundation, Inc., 51 Franklin Street, Fifth Floor, Boston, MA
  02110-1301, USA.
  
-->

<!-- all the symbolnames that appear here, must be defined in "TeXSymbols.xml"! -->

<FormulaSettings>

<!-- different textstyles that used by the parser -->

	<TextStyles>
		<TextStyle name="mathrm"/>
		<TextStyle name="mathit"/>
		<TextStyle name="mathcal"/>
	</TextStyles>

<!-- non-alphanumeric character-to-symbol-mappings -->

	<CharacterToSymbolMappings>
		<Map char="+" symbol="plus"/>
		<Map char="-" symbol="minus"/>
		<Map char="/" symbol="slash"/>
		<Map char="*" symbol="ast"/>
      	<Map char="(" symbol="lbrack"/>
      	<Map char="." symbol="normaldot"/>
      	<Map char=";" symbol="semicolon"/>
      	<Map char="&gt;" symbol="gt"/>
      	<Map char="{" symbol="lbrace"/>
      	<Map char="!" symbol="faculty"/>
      	<Map char=")" symbol="rbrack"/>
      	<Map char="," symbol="comma"/>
      	<Map char="&lt;" symbol="lt"/>
      	<Map char="?" symbol="question"/>
      	<Map char="]" symbol="rsqbrack"/>
      	<Map char="|" symbol="vert"/>
    	<Map char=":" symbol="colon"/>
    	<Map char="=" symbol="equals"/>
    	<Map char="[" symbol="lsqbrack"/>
    	<Map char="}" symbol="rbrace"/>
    	<Map char="#" symbol="sharp"/>
	</CharacterToSymbolMappings>

<!-- character-to-delimiter-mappings

These are used in the method "embrace(char,char)" from the class "Formula".
The symbolnames must be defined in "TeXSymbols.xml" as delimiters (del="true")!! -->

	<CharacterToDelimiterMappings>
	<Map char="(" symbol="lbrack"/>
      	<Map char=")" symbol="rbrack"/>
      	<Map char="[" symbol="lsqbrack"/>
      	<Map char="]" symbol="rsqbrack"/>
      	<Map char="{" symbol="lbrace"/>
      	<Map char="}" symbol="rbrace"/>
      	<Map char="&lt;" symbol="langle"/>
      	<Map char="&gt;" symbol="rangle"/>
      	<Map char="|" symbol="vert"/>
      	<Map char="/" symbol="slashdel"/>
      	<Map char="\" symbol="backslash"/>
	</CharacterToDelimiterMappings>	
</FormulaSettings>

