{
   "Name": "sinh",
   "Parameters": 
   [
      "x"
   ],
   "Description": "Hyperbolic sine function ",
   "Expression": 
   {
      "OpName": "/",
      "Left": 
      {
         "OpName": "-",
         "Left": 
         {
            "OpName": "exp",
            "PostFix": false,
            "NodeType": "UnaryOP",
            "Parameter": 
            {
               "Operator": null,
               "Symbol": null,
               "NodeType": "Identifier",
               "Kind": "Unknown",
               "Name": "x"
            }
         },
         "NodeType": "BinaryOP",
         "Right": 
         {
            "OpName": "exp",
            "PostFix": false,
            "NodeType": "UnaryOP",
            "Parameter": 
            {
               "OpName": "-",
               "Left": 0,
               "NodeType": "BinaryOP",
               "Right": 
               {
                  "Operator": null,
                  "Symbol": null,
                  "NodeType": "Identifier",
                  "Kind": "Unknown",
                  "Name": "x"
               },
               "OpType": "Binary"
            }
         },
         "OpType": "Binary"
      },
      "NodeType": "BinaryOP",
      "Right": 2.0,
      "OpType": "Binary"
   },
   "NodeType": "Profile"
}
