{
   "Name": "zeta'",
   "Parameters": 
   [
      "x"
   ],
   "Description": null,
   "Expression": 
   {
      "OpName": "-",
      "Left": 0,
      "NodeType": "BinaryOP",
      "Right": 
      {
         "Hi": 
         {
            "Operator": null,
            "Symbol": "AssignedVariableStorage",
            "NodeType": "Identifier",
            "Kind": "Variable",
            "Name": "INFINITY"
         },
         "Target": 
         {
            "OpName": "/",
            "Left": 
            {
               "OpName": "ln",
               "PostFix": false,
               "NodeType": "UnaryOP",
               "Parameter": 
               {
                  "Operator": null,
                  "Symbol": null,
                  "NodeType": "Identifier",
                  "Kind": "Unknown",
                  "Name": "n"
               }
            },
            "NodeType": "BinaryOP",
            "Right": 
            {
               "OpName": "^",
               "Left": 
               {
                  "Operator": null,
                  "Symbol": null,
                  "NodeType": "Identifier",
                  "Kind": "Unknown",
                  "Name": "n"
               },
               "NodeType": "BinaryOP",
               "Right": 
               {
                  "Operator": null,
                  "Symbol": null,
                  "NodeType": "Identifier",
                  "Kind": "Unknown",
                  "Name": "x"
               },
               "OpType": "Binary"
            },
            "OpType": "Binary"
         },
         "Hbnd": "<=",
         "Variable": "n",
         "Lo": 1.0,
         "Consumer": "SummationConsumer",
         "Delta": 1,
         "NodeType": "Range",
         "Lbnd": "<="
      },
      "OpType": "Binary"
   },
   "NodeType": "Profile"
}
