{
   "Name": "acos",
   "Parameters": 
   [
      "x"
   ],
   "Description": "Trigonometric inverse cosine function ",
   "Expression": 
   {
      "OpName": "-",
      "Left": 
      {
         "OpName": "/",
         "Left": 
         {
            "Operator": null,
            "Symbol": "",
            "NodeType": "Identifier",
            "Kind": "Variable",
            "Name": "pi"
         },
         "NodeType": "BinaryOP",
         "Right": 2.0,
         "OpType": "Binary"
      },
      "NodeType": "BinaryOP",
      "Right": 
      {
         "OpName": "asin",
         "PostFix": false,
         "NodeType": "UnaryOP",
         "Parameter": 
         {
            "Operator": null,
            "Symbol": null,
            "NodeType": "Identifier",
            "Kind": "Unknown",
            "Name": "x"
         }
      },
      "OpType": "Binary"
   },
   "NodeType": "Profile"
}
