{
   "Name": "arcoth'",
   "Parameters": 
   [
      "x"
   ],
   "Description": "First derivative of inverse hyperbolic Cotangent function ",
   "Expression": 
   {
      "OpName": "/",
      "Left": 1.0,
      "NodeType": "BinaryOP",
      "Right": 
      {
         "OpName": "-",
         "Left": 1.0,
         "NodeType": "BinaryOP",
         "Right": 
         {
            "OpName": "^",
            "Left": 
            {
               "Operator": null,
               "Symbol": null,
               "NodeType": "Identifier",
               "Kind": "Unknown",
               "Name": "x"
            },
            "NodeType": "BinaryOP",
            "Right": 2.0,
            "OpType": "Binary"
         },
         "OpType": "Binary"
      },
      "OpType": "Binary"
   },
   "NodeType": "Profile"
}
