{
   "Name": "arcosh",
   "Parameters": 
   [
      "x"
   ],
   "Description": "Hyperbolic inverse cosine function ",
   "Expression": 
   {
      "OpName": "ln",
      "PostFix": false,
      "NodeType": "UnaryOP",
      "Parameter": 
      {
         "OpName": "+",
         "Left": 
         {
            "Operator": null,
            "Symbol": null,
            "NodeType": "Identifier",
            "Kind": "Unknown",
            "Name": "x"
         },
         "NodeType": "BinaryOP",
         "Right": 
         {
            "OpName": "hyperbola",
            "PostFix": false,
            "NodeType": "UnaryOP",
            "Parameter": 
            {
               "Operator": null,
               "Symbol": null,
               "NodeType": "Identifier",
               "Kind": "Unknown",
               "Name": "x"
            }
         },
         "OpType": "Binary"
      }
   },
   "NodeType": "Profile"
}
