{
   "Name": "artanh",
   "Parameters": 
   [
      "x"
   ],
   "Description": "Hyperbolic inverse tangent function ",
   "Expression": 
   {
      "OpName": "#/#",
      "Left": 
      {
         "OpName": "ln",
         "PostFix": false,
         "NodeType": "UnaryOP",
         "Parameter": 
         {
            "OpName": "/",
            "Left": 
            {
               "OpName": "+",
               "Left": 1.0,
               "NodeType": "BinaryOP",
               "Right": 
               {
                  "Operator": null,
                  "Symbol": null,
                  "NodeType": "Identifier",
                  "Kind": "Unknown",
                  "Name": "x"
               },
               "OpType": "Binary"
            },
            "NodeType": "BinaryOP",
            "Right": 
            {
               "OpName": "-",
               "Left": 1.0,
               "NodeType": "BinaryOP",
               "Right": 
               {
                  "Operator": null,
                  "Symbol": null,
                  "NodeType": "Identifier",
                  "Kind": "Unknown",
                  "Name": "x"
               },
               "OpType": "Binary"
            },
            "OpType": "Binary"
         }
      },
      "NodeType": "BinaryOP",
      "Right": 2.0,
      "OpType": "Binary"
   },
   "NodeType": "Profile"
}
