{
   "Name": "asec",
   "Parameters": 
   [
      "x"
   ],
   "Description": "Trigonometric inverse secant function ",
   "Expression": 
   {
      "OpName": "acos",
      "PostFix": false,
      "NodeType": "UnaryOP",
      "Parameter": 
      {
         "OpName": "/",
         "Left": 1.0,
         "NodeType": "BinaryOP",
         "Right": 
         {
            "Operator": null,
            "Symbol": null,
            "NodeType": "Identifier",
            "Kind": "Unknown",
            "Name": "x"
         },
         "OpType": "Binary"
      }
   },
   "NodeType": "Profile"
}
