{
   "Name": "asec'",
   "Parameters": 
   [
      "x"
   ],
   "Description": "First derivative of inverse Secant function ",
   "Expression": 
   {
      "OpName": "/",
      "Left": 1.0,
      "NodeType": "BinaryOP",
      "Right": 
      {
         "OpName": "*",
         "Left": 
         {
            "OpName": "abs",
            "PostFix": false,
            "NodeType": "UnaryOP",
            "Parameter": 
            {
               "Operator": null,
               "Symbol": null,
               "NodeType": "Identifier",
               "Kind": "Unknown",
               "Name": "x"
            }
         },
         "NodeType": "BinaryOP",
         "Right": 
         {
            "OpName": "sqrt",
            "PostFix": false,
            "NodeType": "UnaryOP",
            "Parameter": 
            {
               "OpName": "-",
               "Left": 
               {
                  "OpName": "^",
                  "Left": 
                  {
                     "Operator": null,
                     "Symbol": null,
                     "NodeType": "Identifier",
                     "Kind": "Unknown",
                     "Name": "x"
                  },
                  "NodeType": "BinaryOP",
                  "Right": 2.0,
                  "OpType": "Binary"
               },
               "NodeType": "BinaryOP",
               "Right": 1.0,
               "OpType": "Binary"
            }
         },
         "OpType": "Binary"
      },
      "OpType": "Binary"
   },
   "NodeType": "Profile"
}
