{
   "Name": "coth",
   "Parameters": 
   [
      "x"
   ],
   "Description": "Hyperbolic cotangent function ",
   "Expression": 
   {
      "OpName": "/",
      "Left": 1.0,
      "NodeType": "BinaryOP",
      "Right": 
      {
         "OpName": "tanh",
         "PostFix": false,
         "NodeType": "UnaryOP",
         "Parameter": 
         {
            "Operator": null,
            "Symbol": null,
            "NodeType": "Identifier",
            "Kind": "Unknown",
            "Name": "x"
         }
      },
      "OpType": "Binary"
   },
   "NodeType": "Profile"
}
