{
   "Name": "log'",
   "Parameters": 
   [
      "x"
   ],
   "Description": "First derivative of common logarithm ",
   "Expression": 
   {
      "OpName": "/",
      "Left": 
      {
         "OpName": "#/#",
         "Left": 1.0,
         "NodeType": "BinaryOP",
         "Right": 
         {
            "Operator": null,
            "Symbol": null,
            "NodeType": "Identifier",
            "Kind": "Unknown",
            "Name": "x"
         },
         "OpType": "Binary"
      },
      "NodeType": "BinaryOP",
      "Right": 
      {
         "OpName": "ln",
         "PostFix": false,
         "NodeType": "UnaryOP",
         "Parameter": 10.0
      },
      "OpType": "Binary"
   },
   "NodeType": "Profile"
}
