{
   "Name": "sech",
   "Parameters": 
   [
      "x"
   ],
   "Description": "Hyperbolic secant function ",
   "Expression": 
   {
      "OpName": "/",
      "Left": 1.0,
      "NodeType": "BinaryOP",
      "Right": 
      {
         "OpName": "cosh",
         "PostFix": false,
         "NodeType": "UnaryOP",
         "Parameter": 
         {
            "Operator": null,
            "Symbol": null,
            "NodeType": "Identifier",
            "Kind": "Unknown",
            "Name": "x"
         }
      },
      "OpType": "Binary"
   },
   "NodeType": "Profile"
}
