{
   "Name": "tanh'",
   "Parameters": 
   [
      "x"
   ],
   "Description": "First derivative of hyperbolic Tangent function ",
   "Expression": 
   {
      "OpName": "^",
      "Left": 
      {
         "OpName": "sech",
         "PostFix": false,
         "NodeType": "UnaryOP",
         "Parameter": 
         {
            "Operator": null,
            "Symbol": null,
            "NodeType": "Identifier",
            "Kind": "Unknown",
            "Name": "x"
         }
      },
      "NodeType": "BinaryOP",
      "Right": 2.0,
      "OpType": "Binary"
   },
   "NodeType": "Profile"
}
